<?xml version="1.0"?>
<Runs Version="1" Minor="0">
	<Run Id="design_1_xbar_1_synth_1" LaunchDir="C:/Users/user/Desktop/HLS_syh/Vivado_prj/TP_SD2019_v2/TP_SD2019_v2.runs/design_1_xbar_1_synth_1" FlowId="Vivado_Synthesis" FromStepId="vivado" ToStepId="vivado"/>
	<Run Id="design_1_xbar_0_synth_1" LaunchDir="C:/Users/user/Desktop/HLS_syh/Vivado_prj/TP_SD2019_v2/TP_SD2019_v2.runs/design_1_xbar_0_synth_1" FlowId="Vivado_Synthesis" FromStepId="vivado" ToStepId="vivado"/>
	<Run Id="design_1_auto_pc_1_synth_1" LaunchDir="C:/Users/user/Desktop/HLS_syh/Vivado_prj/TP_SD2019_v2/TP_SD2019_v2.runs/design_1_auto_pc_1_synth_1" FlowId="Vivado_Synthesis" FromStepId="vivado" ToStepId="vivado"/>
	<Run Id="design_1_auto_us_2_synth_1" LaunchDir="C:/Users/user/Desktop/HLS_syh/Vivado_prj/TP_SD2019_v2/TP_SD2019_v2.runs/design_1_auto_us_2_synth_1" FlowId="Vivado_Synthesis" FromStepId="vivado" ToStepId="vivado"/>
	<Run Id="design_1_auto_us_1_synth_1" LaunchDir="C:/Users/user/Desktop/HLS_syh/Vivado_prj/TP_SD2019_v2/TP_SD2019_v2.runs/design_1_auto_us_1_synth_1" FlowId="Vivado_Synthesis" FromStepId="vivado" ToStepId="vivado"/>
	<Run Id="design_1_auto_us_0_synth_1" LaunchDir="C:/Users/user/Desktop/HLS_syh/Vivado_prj/TP_SD2019_v2/TP_SD2019_v2.runs/design_1_auto_us_0_synth_1" FlowId="Vivado_Synthesis" FromStepId="vivado" ToStepId="vivado" IsOrderedIPRun="true">
		<Parent Id="design_1_auto_us_1_synth_1"/>
	</Run>
	<Run Id="design_1_auto_pc_0_synth_1" LaunchDir="C:/Users/user/Desktop/HLS_syh/Vivado_prj/TP_SD2019_v2/TP_SD2019_v2.runs/design_1_auto_pc_0_synth_1" FlowId="Vivado_Synthesis" FromStepId="vivado" ToStepId="vivado"/>
</Runs>

